date,time,species,size_cm,weight_kg,count,bait,method,spot,tide,weather,temp,water_temp,wind,memo,source
2026-03-31,13:30,イシナギ,110,30,1,生き餌（泳がせ）,泳がせ釣り,高知室戸沖,速潮,晴れ,,,,"文章に「30kgオーバー」と明記。海はラフで潮が速い難しい状況。サイズは推定値",Instagram
2026-03-29,14:42,イシナギ,120,20,1,生き餌（泳がせ）,泳がせ釣り,高知室戸沖,,曇り,,,,"コメントに「イシナギ2本 80Kgと20Kg」と明記。20kg個体。サイズは推定値",Instagram
2026-03-29,14:42,イシナギ,150,80,1,生き餌（泳がせ）,泳がせ釣り,高知室戸沖,,曇り,,,,"文章に「80kg弱」、コメントに「80Kgと20Kg」の2本記載。80kg個体",Instagram
2026-03-29,14:41,マハタ,80,9,1,生き餌（泳がせ）,泳がせ釣り,高知室戸沖,,晴れ,,,,"文章に「マハタ9kg」と明記。サイズは推定値",Instagram
2026-03-29,14:41,イシナギ,100,15,4,生き餌（泳がせ）,泳がせ釣り,高知室戸沖,,晴れ,,,,"イシナギ4本、多数リリースあり。推定値（サイズ・重量）",Instagram
2024-01-01,13:14,魚なし（日の出写真）,,,1,,,室戸沖周辺,,晴れ・日の出,,17,,"新年挨拶投稿。日の出の写真。魚なし",Instagram
2023-12-31,13:13,アジ,25,0.2,14,エサ,泳がせ釣り（エサ用）,室戸沖,,,,19,,"釣り納め。アジ入れ食い。泳がせ釣りのエサ用アジを釣った模様。推定値（サイズ・重量）",Instagram
2023-12-29,13:13,ヒレナガカンパチ,90,8,1,生き餌,泳がせ釣り,室戸沖,,晴れ,,19,,"少ないチャンスをものにした。推定値（サイズ・重量）",Instagram
2023-12-28,13:13,クエ,110,18,1,生き餌,泳がせ釣り,室戸沖,,晴れ夕方,,19,,"110cm・18kgと文章記載。値千金の一発。サイズ・重量は文章値採用",Instagram
2023-12-27,13:12,ヒラマサ,130,16,1,生き餌,泳がせ釣り,室戸沖,,晴れ・寒い,,19,,"130cm・16kgと文章記載。珍しい良型。サイズ・重量は文章値採用",Instagram
2023-12-24,13:12,ブリ,80,6,1,生き餌,泳がせ釣り,室戸沖,,,,19,,"推定値（サイズ・重量）",Instagram
2023-12-24,13:12,ヒレナガカンパチ,85,7,1,生き餌,泳がせ釣り,室戸沖,,,,19,,"推定値（サイズ・重量）",Instagram
2023-12-24,13:12,カンパチ,100,20,1,生き餌,泳がせ釣り,室戸沖,,,,19,,"20キロと文章記載。重量は文章値採用",Instagram
2023-12-19,13:12,クロタチカマス,80,2,1,生き餌,泳がせ釣り,室戸沖,,,,19,,"推定値（サイズ・重量）",Instagram
2023-12-19,13:12,マハタ,55,4,2,生き餌,泳がせ釣り,室戸沖,,,,19,,"良型マハタ。鍋料理が楽しみ。推定値（サイズ・重量）",Instagram
2023-12-14,13:11,アカヤガラ,100,1.5,1,ジグ,ジギング,室戸沖,,,,19,,"美味しい魚ばかり。推定値（サイズ・重量）",Instagram
2023-12-14,13:11,ハガツオ,60,3,4,ジグ,ジギング,室戸沖,,,,19,,"推定値（サイズ・重量）",Instagram
2023-12-14,13:11,ブリ,75,5,2,ジグ,ジギング,室戸沖,,,,19,,"推定値（サイズ・重量）",Instagram
2023-12-10,13:11,マハタ,50,2.5,1,生き餌,泳がせ釣り,室戸沖,潮が動かず,晴れ,,19,,"推定値（サイズ・重量）",Instagram
2023-12-10,13:11,カンパチ,85,7,1,生き餌,泳がせ釣り,室戸沖,潮が動かず,晴れ,,19,,"潮が動かず難しい一日。食い込みが悪い中しっかり食わせた。推定値（サイズ・重量）",Instagram
2023-12-03,13:10,マハタ,45,2,1,生き餌,泳がせ釣り,甲浦,,晴れ,,18,,"推定値（サイズ・重量）",Instagram
2023-12-03,13:10,ブリ,80,6,1,生き餌,泳がせ釣り,甲浦,,晴れ,,18,,"推定値（サイズ・重量）",Instagram
2023-12-03,13:10,ネイリ（カンパチ若魚）,65,3,2,生き餌,泳がせ釣り,甲浦,,晴れ,,18,,"おかず釣り。推定値（サイズ・重量）",Instagram
2023-11-30,13:11,イソマグロ,110,25,1,生き餌,泳がせ釣り,小笠原諸島,,晴れ・良い天気,,26,,"小笠原遠征最終日。青ウミガメも目撃。推定値（サイズ・重量）",Instagram
2023-11-29,13:10,クチジロ（イシガキダイ）,50,2.5,1,生き餌・エサ,磯釣り,小笠原諸島,,,,26,,"小笠原遠征3日目。久しぶりの磯釣りで狙いのクチジロをゲット。推定値（サイズ・重量）",Instagram
2023-11-28,13:10,ユカタハタ（赤い大型ハタ）,55,3.5,1,生き餌,泳がせ釣り,小笠原沖,,曇り,,26,,"小笠原遠征2日目。色々釣れた。推定値（サイズ・重量）",Instagram
2023-09-20,13:11,ウッカリカサゴ,35,0.7,1,生き餌,ライト泳がせ釣り,室戸沖,,,,26,,"推定値（サイズ・重量）",Instagram
2023-09-20,13:11,カマスサワラ,100,5,1,生き餌,ライト泳がせ釣り,室戸沖,,,,26,,"推定値（サイズ・重量）",Instagram
2023-09-20,13:11,ハガツオ,60,3,1,生き餌,ライト泳がせ釣り,室戸沖,,,,26,,"推定値（サイズ・重量）",Instagram
2023-09-20,13:11,マハタ,55,8,1,生き餌,ライト泳がせ釣り,室戸沖,,,,26,,"8kgと文章記載。重量は文章値採用",Instagram
2023-09-19,13:11,ヒラマサ,110,12,1,生き餌,泳がせ釣り,室戸沖,,晴れ,,26,,"110cmヒラマサ。サイズは文章値採用。重量推定値",Instagram
2023-09-19,13:11,ヒレナガカンパチ,127,18,1,生き餌,泳がせ釣り,室戸沖,,晴れ,,26,,"127cmヒレナガカンパチ。リリース。サイズは文章値採用。重量推定値",Instagram
2023-09-19,13:11,カンパチ,130,20,1,生き餌,泳がせ釣り,室戸沖,,晴れ,,26,,"130cmカンパチ。サイズは文章値採用。重量推定値",Instagram
2023-09-17,13:10,ウッカリカサゴ,35,0.7,2,ジグ,ジギング,室戸沖,,,,26,,"推定値（サイズ・重量）",Instagram
2023-09-17,13:10,クロタチカマス,70,2,4,ジグ,ジギング,室戸沖,,,,26,,"推定値（サイズ・重量）",Instagram
2023-09-17,13:10,ハガツオ,60,3,5,ジグ,ジギング,室戸沖,,,,26,,"推定値（サイズ・重量）",Instagram
2023-09-17,13:10,マハタ,55,4,4,ジグ,ジギング,室戸沖,,,,26,,"良型マハタ多数。推定値（サイズ・重量）",Instagram
2023-09-16,13:10,クロタチカマス,70,2,2,ジグ,ジギング,室戸沖,潮が動かず,晴れ,,26,,"推定値（サイズ・重量）",Instagram
2023-09-16,13:10,オオクチハマダイ,55,2.5,2,ジグ,ジギング,室戸沖,潮が動かず,晴れ,,26,,"推定値（サイズ・重量）",Instagram
2023-09-16,13:10,ハガツオ,60,3,2,ジグ,ジギング,室戸沖,潮が動かず,晴れ,,26,,"ジギング。潮動かず。推定値（サイズ・重量）",Instagram
2023-09-15,12:59,メジロ（ブリ）,65,3.5,2,生き餌,泳がせ釣り,室戸沖,潮が動かず,,,26,,"推定値（サイズ・重量）",Instagram
2023-09-15,12:59,マハタ,55,3.5,2,生き餌,泳がせ釣り,室戸沖,潮が動かず,,,26,,"潮が動かず苦労したが時合を逃さず良型ゲット。推定値（サイズ・重量）",Instagram
2023-09-14,12:59,ヒレナガカンパチ,85,6,1,生き餌,泳がせ釣り,室戸沖,,,,26,,"珍しい。推定値（サイズ・重量）",Instagram
2023-09-14,12:59,ヒラマサ,90,7,1,生き餌,泳がせ釣り,室戸沖,,,,26,,"珍しいヒラマサ。推定値（サイズ・重量）",Instagram
2023-09-13,12:58,メジロ（ブリ）,65,3.5,1,生き餌,泳がせ釣り,室戸沖,,,,26,,"推定値（サイズ・重量）",Instagram
2023-09-13,12:58,メダイ,50,2.5,2,生き餌,泳がせ釣り,室戸沖,,,,26,,"推定値（サイズ・重量）",Instagram
2023-09-13,12:58,マハタ,55,3.5,2,生き餌,泳がせ釣り,室戸沖,,,,26,,"美味しい魚ばかり。推定値（サイズ・重量）",Instagram
2023-09-08,12:58,メジロ（ブリ）,65,3.5,2,生き餌,ライト泳がせ釣り,室戸沖,,,,26,,"推定値（サイズ・重量）",Instagram
2023-09-08,12:58,カマスサワラ,100,10,2,生き餌,ライト泳がせ釣り,室戸沖,,,,26,,"10kgオーバー2本と文章記載。重量は文章値を採用",Instagram
2023-09-08,12:58,テヅルモヅル（ヒトデ類）,30,0.3,1,生き餌,ライト泳がせ釣り,室戸沖,,,,26,,"久しぶりのテヅルモヅル。気持ち悪い・ビミョーに動く。推定値（サイズ・重量）",Instagram
2023-08-28,12:58,キハダマグロ,130,50,1,生き餌,泳がせ釣り,室戸沖,,晴れ,,27,,"約50kgと文章に記載。サメかと思ったら良型キハダ。重量は文章値を採用",Instagram
2023-08-27,12:56,マハタ,55,3.5,1,生き餌,泳がせ釣り,室戸沖,,晴れ,,27,,"良型マハタ。強烈な引きの相手はサメ（取れず）。推定値（サイズ・重量）",Instagram
2023-08-20,12:56,メジロ（ブリ）,70,4,3,ジグ,ジギング,室戸沖,,,,27,,"多数。推定値（サイズ・重量）",Instagram
2023-08-20,12:56,ハガツオ,65,3.5,5,ジグ,ジギング,室戸沖,,,,27,,"イソマグロのようなハガツオ5本。推定値（サイズ・重量）",Instagram
2023-08-12,12:56,カンパチ,90,8,1,生き餌,泳がせ釣り,室戸沖,,晴れ,,27,,"常連と釣行。巨大サメとも余裕のファイト。推定値（サイズ・重量）",Instagram
2023-08-01,12:55,コバンザメ,40,0.6,1,ふかせ釣り仕掛け,ふかせ釣り,安満地,,,,28,,"珍しい。推定値（サイズ・重量）",Instagram
2023-08-01,12:55,カワハギ,25,0.3,3,ふかせ釣り仕掛け,ふかせ釣り,安満地,,,,28,,"推定値（サイズ・重量）",Instagram
2023-08-01,12:55,マダイ,35,0.8,3,ふかせ釣り仕掛け,ふかせ釣り,安満地,,,,28,,"推定値（サイズ・重量）",Instagram
2023-08-01,12:55,イサキ,30,0.5,5,ふかせ釣り仕掛け,ふかせ釣り,安満地,,,,28,,"推定値（サイズ・重量）",Instagram
2023-08-01,12:55,ハマチ,45,1.5,4,ふかせ釣り仕掛け,ふかせ釣り,安満地,,,,28,,"お休みで息子と釣行。推定値（サイズ・重量）",Instagram
2023-07-27,12:54,マダイ,65,4.5,1,生き餌,泳がせ釣り,室戸沖,,晴れ,,25,,"カジキとマダイを狙い格闘。小さいカンパチと思いきや大鯛でビックリ。ラインブレイクあり。推定値（サイズ・重量）",Instagram
2023-07-26,12:54,アカイサキ,30,0.4,2,生き餌,ライト泳がせ釣り,室戸沖,,晴れ・暑い,,25,,"推定値（サイズ・重量）",Instagram
2023-07-26,12:54,マハタ,45,1.5,1,生き餌,ライト泳がせ釣り,室戸沖,,晴れ・暑い,,25,,"お休みで遊びの釣り。暑かったので早目撤収。推定値（サイズ・重量）",Instagram
2023-07-24,12:53,サメ（巨大）,200,80,1,生き餌（メジロ・クロタチ使用）,泳がせ釣り,室戸沖,,晴れ,,25,,"強烈な引きの相手はサメ。メジロやクロタチもアタリあり。大物は逃げられた。サメは未取込。推定値（サイズ・重量）",Instagram
2023-07-23,12:53,クロタチカマス,150,18,3,活き魚（泳がせ）・ジグ,泳がせ釣り・ジギング,室戸沖,,晴れ,,25,,"クロタチまつり。カンパチは不発。顔は怖いけど旨い。推定値",Instagram
2023-07-18,12:52,カンパチ,115,25,1,活き魚（泳がせ）,泳がせ釣り,室戸沖,,晴れ,,25,,"25kgと文章に明記。リリース。ファイト動画をYouTubeで公開予定",Instagram
2023-07-18,12:52,カンパチ,130,35,1,活き魚（泳がせ）,泳がせ釣り,室戸沖,,晴れ,,25,,"35kgと文章に明記。リリース",Instagram
2023-07-17,12:52,クロタチカマス,130,12,1,活き魚（泳がせ）,泳がせ釣り,室戸沖,,晴れ,,25,,"カンパチ不発。巨大クロタチをゲット。すごいファイト。推定値",Instagram
2023-07-10,12:51,コバンザメ,50,0.8,1,フカセ（コマセ）,フカセ釣り,愛媛,,,,26,,"珍しい魚種。推定値",Instagram
2023-07-10,12:51,ブリ,80,6,1,フカセ（コマセ）,フカセ釣り,愛媛,,,,26,,"推定値",Instagram
2023-07-10,12:51,イサキ,35,0.7,10,フカセ（コマセ）,フカセ釣り,愛媛,,,,26,,"イサキ狙いで愛媛へ。ブリと珍しいコバンザメも。推定値",Instagram
2023-07-07,12:51,カンパチ,85,8,1,活き魚（泳がせ）,泳がせ釣り,室戸沖,,,,25,,"推定値",Instagram
2023-07-07,12:51,カンパチ,100,15,1,活き魚（泳がせ）,泳がせ釣り,室戸沖,,,,25,,"推定値",Instagram
2023-07-07,12:51,カンパチ,130,35,1,活き魚（泳がせ）,泳がせ釣り,室戸沖,,,,25,,"35kgオーバーを頭にカンパチ3本と文章に明記。漁師の日",Instagram
2023-07-06,12:51,クエ,60,5,1,活き魚（泳がせ）,泳がせ釣り,室戸沖,潮動かず短い時合,,,25,,"キハダのアタリもあったが針外れ。残念。推定値",Instagram
2023-06-27,12:50,クロタチカマス,90,3,1,活き魚（泳がせ）,泳がせ釣り,室戸沖,,晴れ,,22,,"推定値",Instagram
2023-06-27,12:50,アカヤガラ,160,2,1,活き魚（泳がせ）,泳がせ釣り,室戸沖,,晴れ,,22,,"カンパチ不発。クロタチと巨大アカヤガラ。こんな大きいヤガラは初めて。推定値",Instagram
2023-06-26,12:50,カンパチ,110,18,1,活き魚（泳がせ）,泳がせ釣り,室戸沖,,,,22,,"巨大魚キラーが本日もカンパチ。いつもリリース。フィッシングKAIエプロン贈呈。推定値",Instagram
2023-06-23,12:49,カンパチ,85,8,1,活き魚（泳がせ）,泳がせ釣り,室戸沖,潮変わり,,,22,,"潮変わりの一発。良いサイズ。推定値",Instagram
2023-06-20,12:49,カンパチ,90,10,1,活き魚（泳がせ）,泳がせ釣り,室戸沖,潮動き悪い,,,22,,"潮の動きが悪くアタリはこれ一発。厳しい釣り。推定値",Instagram
2023-06-18,12:48,クロタチカマス,90,3,1,ジグ,ジギング,室戸沖,,,,22,,"推定値",Instagram
2023-06-18,12:48,ウッカリカサゴ,33,0.5,8,ジグ,ジギング,室戸沖,,,,22,,"推定値",Instagram
2023-06-18,12:48,マハタ,45,1.5,1,ジグ,ジギング,室戸沖,,,,22,,"推定値",Instagram
2023-06-18,12:48,マグロ（キハダ）,90,12,1,ジグ,ジギング,室戸沖,,,,22,,"いろんな魚が釣れました。推定値",Instagram
2023-06-17,12:48,カツオ,55,2.5,1,キャスティングルアー,キャスティング,室戸沖,,,,22,,"推定値",Instagram
2023-06-17,12:48,マグロ（キハダ）,80,8,1,キャスティングルアー,キャスティング,室戸沖,,,,22,,"推定値",Instagram
2023-06-17,12:48,カンパチ,80,7,1,活き魚（泳がせ）,泳がせ釣り,室戸沖,,,,22,,"キャスティングでマグロ、カツオも。クエらしき大物は残り40mでフックアウト。推定値",Instagram
2023-06-07,12:47,カンパチ,145,35,1,活き魚（泳がせ）,泳がせ釣り,室戸沖,,晴れ,,22,,"145cm35kgと文章に明記",Instagram
2023-06-04,12:47,カワハギ,25,0.3,3,フカセ（コマセ）,フカセ釣り,宇和島,,,,22,,"推定値",Instagram
2023-06-04,12:47,イサキ,53,1.5,5,フカセ（コマセ）,フカセ釣り,宇和島,,,,22,,"53cm頭に5匹と文章に明記。カワハギなども",Instagram
2023-05-28,12:46,マハタ,45,1.5,1,活き魚（泳がせ）,泳がせ釣り,室戸沖,,,,20,,"推定値",Instagram
2023-05-28,12:46,カンパチ,90,10,1,活き魚（泳がせ）,泳がせ釣り,室戸沖,,,,20,,"集中力を切らさず狙い澄ました一発。マハタなども。推定値",Instagram
2023-05-26,12:45,メダイ,50,2,2,活き魚（泳がせ）,泳がせ釣り,室戸沖,,,,20,,"推定値",Instagram
2023-05-26,12:45,カンパチ,80,7,2,活き魚（泳がせ）,泳がせ釣り,室戸沖,,,,20,,"アタリ多く楽しい釣り。推定値",Instagram
2023-05-25,12:45,カンパチ,85,8,2,活き魚（泳がせ）,泳がせ釣り,室戸沖,,,,20,,"この間のイシナギに続き絶好調。推定値",Instagram
2023-05-20,12:44,ムロアジ,40,0.5,1,活き魚（エサ釣り）,エサ釣り,室戸沖,,,,20,,"大物不発。巨大ムロアジGET。脂があって美味。先日のマグロと刺身に。推定値",Instagram
2023-05-18,12:43,カンパチ,120,30,1,活き魚（泳がせ）,泳がせ釣り,室戸沖,,,,20,,"30kgオーバーと文章に明記。リリース",Instagram
2023-05-17,12:43,カンパチ,105,20,1,活き魚（泳がせ）,泳がせ釣り,室戸沖,,晴れ,,20,,"カンパチ20kgと文章に明記",Instagram
2023-05-13,12:43,メダイ,45,1.5,1,活き魚（泳がせ）,泳がせ釣り・ジギング,室戸沖,,,,20,,"推定値",Instagram
2023-05-13,12:43,マハタ,45,1.5,1,活き魚（泳がせ）,泳がせ釣り・ジギング,室戸沖,,,,20,,"推定値",Instagram
2023-05-13,12:43,カンパチ,75,5,1,活き魚（泳がせ）,泳がせ釣り・ジギング,室戸沖,,,,20,,"故障船の修理後試運転。推定値",Instagram
2023-05-06,12:42,アジ,20,0.1,30,サビキ仕掛け,サビキ釣り（手結）,室戸沖,,,,20,,"お休み。早朝から手結でアジ釣り。天ぷら、南蛮漬けで旨し。推定値",Instagram
2023-05-05,12:42,カンパチ,110,14,1,活き魚（泳がせ）,泳がせ釣り,室戸沖,,,,20,,"推定110cm14kgと文章に明記。シャークアタックで1/3食べられた。残念",Instagram
2023-05-04,12:42,ウッカリカサゴ,30,0.4,2,活き魚（泳がせ）,ライト泳がせ釣り,室戸沖,,,,20,,"推定値",Instagram
2023-05-04,12:42,マハタ,45,1.5,2,活き魚（泳がせ）,ライト泳がせ釣り,室戸沖,,,,20,,"ジギングは撃沈。全体的に厳しい一日。推定値",Instagram
2023-05-03,12:42,イシナギ,145,60,1,活き魚（泳がせ）,泳がせ釣り,室戸沖,,晴れ,,20,,"60kgと画像テキストに明記。相棒のおんちゃんがやりました",Instagram
2023-05-02,12:40,イシナギ,120,35,1,活き魚（泳がせ）,泳がせ釣り,室戸沖,,晴れ,,20,,"35kgと文章に明記。リリース",Instagram
2023-05-02,12:40,イシナギ,110,25,1,活き魚（泳がせ）,泳がせ釣り,室戸沖,,晴れ,,20,,"初イシナギ。25kgと文章に明記。リリース",Instagram
2023-05-01,12:40,イシナギ,120,40,1,活き魚（泳がせ）,泳がせ釣り,室戸沖,,晴れ,,20,,"2本目。推定値",Instagram
2023-05-01,12:40,イシナギ,140,70,1,活き魚（泳がせ）,泳がせ釣り,室戸沖,,晴れ,,20,,"160cm70kgと文章に明記。イシナギ2本。リリース。強烈な引き",Instagram
2023-04-28,12:26,ハチビキ,38,0.6,6,ジグ,ジギング,室戸沖,,,,18,,"多数。推定値",Instagram
2023-04-28,12:26,クロタチカマス,80,2.5,1,ジグ,ジギング,室戸沖,,,,18,,"推定値",Instagram
2023-04-28,12:26,カケハシハタ,40,1,1,ジグ,ジギング,室戸沖,,,,18,,"推定値",Instagram
2023-04-28,12:26,メダイ,50,2,2,ジグ,ジギング,室戸沖,,,,18,,"良型のメダイ。カケハシハタ、クロタチ、ハチビキ多数、サバ、スマなども。推定値",Instagram
2023-04-27,12:26,キハダマグロ,150,40,1,活き魚（泳がせ）,泳がせ釣り,室戸沖,,晴れ,,18,,"150cm40kgオーバーと文章に明記。刺身にして美味。もちもち食感",Instagram
2023-04-23,12:25,マハタ,45,1.5,1,ジグ・活き魚（泳がせ）,ジギング・ライト泳がせ釣り,室戸沖,,,,18,,"推定値",Instagram
2023-04-23,12:25,オオニベ,85,6,1,ジグ・活き魚（泳がせ）,ジギング・ライト泳がせ釣り,室戸沖,,,,18,,"推定値",Instagram
2023-04-23,12:25,ブリ,80,6,1,ジグ・活き魚（泳がせ）,ジギング・ライト泳がせ釣り,室戸沖,,,,18,,"推定値",Instagram
2023-04-23,12:25,カンパチ,85,10,2,ジグ・活き魚（泳がせ）,ジギング・ライト泳がせ釣り,室戸沖,,,,18,,"10kgオーバーのカンパチ2本と文章に明記",Instagram
2023-04-23,12:25,アジ,18,0.1,5,サビキ仕掛け,サビキ釣り（手結）,室戸沖,,悪天候,,18,,"推定値",Instagram
2023-04-23,12:25,サバ,25,0.2,5,サビキ仕掛け,サビキ釣り（手結）,室戸沖,,悪天候,,18,,"土曜日、海が悪かったので手結で小物釣り。サバ、アジで天ぷら。推定値",Instagram
2023-04-19,12:24,イシナギ,120,45,1,活き魚（泳がせ）,泳がせ釣り,室戸沖,,,,18,,"45kgと画像テキストに明記",Instagram
2023-04-19,12:24,イシナギ,130,50,1,活き魚（泳がせ）,泳がせ釣り,室戸沖,,,,18,,"画像テキストに「50kg 45kg」と明記。50kgオーバー",Instagram
2023-04-18,12:23,イシナギ,95,15,2,活き魚（泳がせ）,泳がせ釣り,室戸沖,,晴れ,,18,,"良いサイズが釣れました。2本リリース。推定値",Instagram
2023-04-12,12:22,アジゴ（アジ幼魚）,12,0.04,8,サビキ仕掛け,サビキ釣り,室戸沖,,,,18,,"推定値",Instagram
2023-04-12,12:22,サバゴ（サバ幼魚）,18,0.07,10,サビキ仕掛け,サビキ釣り,室戸沖,,,,18,,"手結でサビキ。サバゴ、アジゴ入れ食い。天ぷらにして美味。推定値",Instagram
2023-04-05,12:20,アジ,20,0.1,30,サビキ仕掛け,アジ釣り（手結）,室戸沖,,,,18,,"あっという間に30匹と文章に明記。その後カキ採り。カキフライに。推定値",Instagram
2023-04-03,12:19,チダイ（レンコダイ）,28,0.3,2,コマセ・仕掛け,タイ釣り,安満地,,風・ウネリあり,,18,,"推定値",Instagram
2023-04-03,12:19,マダイ,45,1.5,4,コマセ・仕掛け,タイ釣り,安満地,,風・ウネリあり,,18,,"息子と久しぶりの安満地。昼前に風とウネリで撤収。推定値",Instagram
2023-11-27,13:95,ヒレナガカンパチ,80,7,1,活き魚（泳がせ）,泳がせ釣り,小笠原,,晴れ,,26,,"推定値",Instagram
2023-11-27,13:95,カンパチ,85,9,1,活き魚（泳がせ）,泳がせ釣り,小笠原,,晴れ,,26,,"推定値",Instagram
2023-11-27,13:95,ツチホゼリ,70,12,1,活き魚（泳がせ）,泳がせ釣り,小笠原,,晴れ,,26,,"小笠原遠征1日目。ウォーミングアップで午後から出船。12kgのツチホゼリと文章に明記。その後カンパチ、ヒレナガも",Instagram
2023-11-23,13:92,マダイ,40,0.8,5,ジグ,スーパーライトジギング（SLJ）,甲浦,,,,20,,"タイラバも使用。推定値",Instagram
2023-11-23,13:92,オオモンハタ,35,0.6,2,ジグ,スーパーライトジギング（SLJ）,甲浦,,,,20,,"推定値",Instagram
2023-11-23,13:92,ネイリ（カンパチ幼魚）,38,0.7,2,ジグ,スーパーライトジギング（SLJ）,甲浦,,,,20,,"船はドック中のため甲浦でSLJ。推定値",Instagram
2023-11-20,13:84,マダイ,35,0.6,2,ジグ,スーパーライトジギング（SLJ）,甲浦,,強風,,20,,"推定値",Instagram
2023-11-20,13:84,レンコダイ,28,0.3,3,ジグ,スーパーライトジギング（SLJ）,甲浦,,強風,,20,,"推定値",Instagram
2023-11-20,13:84,ネイリ（カンパチ幼魚）,40,0.8,3,ジグ,スーパーライトジギング（SLJ）,甲浦,,強風,,20,,"風が強いので甲浦でSLJ。推定値",Instagram
2023-05-16,12:43,カンパチ,70,5,1,ジグ,ジギング,室戸沖,,晴れ,,20,,"推定値",Instagram
2023-05-16,12:43,ハガツオ,55,2,2,ジグ,ジギング,室戸沖,,晴れ,,20,,"推定値",Instagram
2023-05-16,12:43,ハチビキ,40,0.8,5,ジグ,ジギング,室戸沖,,晴れ,,20,,"推定値",Instagram
2023-05-16,12:43,キハダマグロ,100,15,1,ジグ,ジギング,室戸沖,,晴れ,,20,,"推定値。ハチビキ、ハガツオ、カンパチなども",Instagram
2023-11-16,13:83,ウッカリカサゴ,35,0.6,3,活き魚（泳がせ）,ライト泳がせ釣り,室戸沖,潮行き悪く苦戦,,,21,,"推定値",Instagram
2023-11-16,13:83,ハガツオ,55,2,1,活き魚（泳がせ）,ライト泳がせ釣り,室戸沖,潮行き悪く苦戦,,,21,,"推定値",Instagram
2023-11-16,13:83,マハタ,45,1.5,1,活き魚（泳がせ）,ライト泳がせ釣り,室戸沖,潮行き悪く苦戦,,,21,,"アジ取りから苦戦。推定値",Instagram
2023-11-15,13:82,クエ,80,15,1,活き魚（泳がせ）,泳がせ釣り,室戸沖,,晴れ,,21,,"15kgと文章に明記",Instagram
2023-11-15,13:82,キハダマグロ,175,70,1,活き魚（泳がせ）,泳がせ釣り,室戸沖,,晴れ,,21,,"175cm70kgと文章に明記",Instagram
2023-11-14,13:75,カンパチ,85,8,1,活き魚（泳がせ）,泳がせ釣り,室戸沖,,晴れ,,21,,"良型カンパチ捕獲。推定値",Instagram
2023-11-13,13:74,メジロ（ブリ）,68,4.5,1,ジグ,スーパーライトジギング（SLJ）,室戸沖,,,,21,,"推定値",Instagram
2023-11-08,13:72,マハタ,45,1.5,2,活き魚（泳がせ）,泳がせ釣り,室戸沖,,晴れ,,21,,"推定値",Instagram
2023-11-08,13:72,カンパチ,80,7,1,活き魚（泳がせ）,泳がせ釣り,室戸沖,,晴れ,,21,,"推定値",Instagram
2023-11-04,13:71,ヒレナガカンパチ,90,8,1,活き魚（泳がせ）,泳がせ釣り,室戸沖,,晴れ,,21,,"カンパチ8kgと文章に明記",Instagram
2023-11-04,13:71,カンパチ,130,30,1,活き魚（泳がせ）,泳がせ釣り,室戸沖,,晴れ,,21,,"カンパチ30kgと文章に明記。リリース",Instagram
2023-10-31,13:65,カンパチ,154,35,1,活き魚（泳がせ）,泳がせ釣り,室戸沖,,,,24,,"154cm35kgと文章に明記。リリース",Instagram
2023-10-31,13:65,カンパチ,151,32,1,活き魚（泳がせ）,泳がせ釣り,室戸沖,,,,24,,"151cm32kgと文章に明記。大型カンパチ二本。リリース",Instagram
2023-10-28,13:63,アカヤガラ,100,1,2,活き魚（泳がせ）,ライト泳がせ釣り,室戸沖,,爆風・高波,,24,,"推定値",Instagram
2023-10-28,13:63,メジロ（ブリ）,60,3,1,活き魚（泳がせ）,ライト泳がせ釣り,室戸沖,,爆風・高波,,24,,"推定値",Instagram
2023-10-28,13:63,ネイリ（カンパチ幼魚）,40,0.8,2,活き魚（泳がせ）,ライト泳がせ釣り,室戸沖,,爆風・高波,,24,,"推定値",Instagram
2023-10-28,13:63,オオニベ,80,5,1,活き魚（泳がせ）,ライト泳がせ釣り,室戸沖,,爆風・高波,,24,,"推定値",Instagram
2023-10-28,13:63,オオモンハタ,35,0.7,3,活き魚（泳がせ）,ライト泳がせ釣り,室戸沖,,爆風・高波,,24,,"予報が一転爆風。高波の中の釣り。オオニベ、ネイリ、メジロ、アカヤガラなども。推定値",Instagram
2023-10-26,13:62,ブリ,80,6,1,活き魚（泳がせ）,泳がせ釣り,室戸沖,,,,24,,"推定値",Instagram
2023-10-26,13:62,ヒレナガカンパチ,75,5,1,活き魚（泳がせ）,泳がせ釣り,室戸沖,,,,24,,"推定値",Instagram
2023-10-26,13:62,カンパチ,85,8,1,活き魚（泳がせ）,泳がせ釣り,室戸沖,,,,24,,"エサ難しい状況。エサ数だけアタリあり。推定値",Instagram
2023-10-22,13:61,メジロ（ブリ）,65,4,1,活き魚（泳がせ）,泳がせ釣り,室戸沖,,晴れ,,24,,"推定値",Instagram
2023-10-22,13:61,マハタ,45,1.5,1,活き魚（泳がせ）,泳がせ釣り,室戸沖,,晴れ,,24,,"推定値",Instagram
2023-10-22,13:61,ヒレナガカンパチ,75,5,1,活き魚（泳がせ）,泳がせ釣り,室戸沖,,晴れ,,24,,"推定値",Instagram
2023-10-22,13:61,カンパチ,80,7,1,活き魚（泳がせ）,泳がせ釣り,室戸沖,,晴れ,,24,,"推定値",Instagram
2023-10-19,13:54,カマスサワラ,130,12,1,活き魚（泳がせ）,泳がせ釣り,室戸沖,,晴れ,,24,,"推定値",Instagram
2023-10-19,13:54,マハタ,50,2.5,1,活き魚（泳がせ）,泳がせ釣り,室戸沖,,晴れ,,24,,"推定値",Instagram
2023-10-19,13:54,ヒラマサ,80,7,1,活き魚（泳がせ）,泳がせ釣り,室戸沖,,晴れ,,24,,"推定値",Instagram
2023-10-19,13:54,クエ,70,7,1,活き魚（泳がせ）,泳がせ釣り,室戸沖,,晴れ,,24,,"エサが採れず苦労。良型クエ、ヒラマサ、マハタ、カマスサワラ。推定値",Instagram
2023-10-18,13:52,オオニベ,80,5,1,活き魚（泳がせ）,ライト泳がせ釣り,室戸沖,,晴れ,,24,,"推定値",Instagram
2023-10-18,13:52,オオモンハタ,40,1,1,活き魚（泳がせ）,ライト泳がせ釣り,室戸沖,,晴れ,,24,,"推定値",Instagram
2023-10-18,13:52,メジロ（ブリ）,70,5,2,活き魚（泳がせ）,ライト泳がせ釣り,室戸沖,,晴れ,,24,,"ファミリーフィッシング。オオモンハタ、オオニベ、カマスサワラなども。推定値",Instagram
2023-10-16,13:52,メジロ（ブリ）,60,3,1,活き魚（泳がせ）,ライト泳がせ釣り,室戸沖,,,,24,,"推定値",Instagram
2023-10-16,13:52,ネイリ（カンパチ幼魚）,40,0.8,1,活き魚（泳がせ）,ライト泳がせ釣り,室戸沖,,,,24,,"推定値",Instagram
2023-10-16,13:52,カンパチ,75,5,1,活き魚（泳がせ）,ライト泳がせ釣り,室戸沖,,,,24,,"推定値",Instagram
2023-10-16,13:52,カマスサワラ,130,12,1,活き魚（泳がせ）,ライト泳がせ釣り,室戸沖,,,,24,,"推定値",Instagram
2023-10-14,13:44,メジロ（ブリ）,65,4,1,活き魚（泳がせ）,泳がせ釣り,室戸沖,,,,24,,"推定値",Instagram
2023-10-14,13:44,カマスサワラ,130,12,1,活き魚（泳がせ）,泳がせ釣り,室戸沖,,,,24,,"活性の低い一日。カマスサワラ、メジロなど。推定値",Instagram
2023-10-11,13:41,カマスサワラ,130,20,5,漁師網,漁（釣りお休み日）,室戸沖,,,,24,,"釣りがお休みで漁師として操業。サワラを100kg程と文章に明記。画像では5本確認。推定値",Instagram
2023-10-07,13:35,カマスサワラ,120,8,1,ジグ,ジギング,室戸沖,,,,24,,"推定値",Instagram
2023-10-07,13:35,マハタ,45,1.5,1,ジグ,ジギング,室戸沖,,,,24,,"推定値",Instagram
2023-10-07,13:35,マダイ,45,1.5,1,ジグ,ジギング,室戸沖,,,,24,,"ジギングの猛者たちとも厳しい一日。アタリ少なく。推定値",Instagram
2023-10-04,13:33,マダイ,50,2,1,活き魚（泳がせ）,泳がせ釣り,室戸沖,,荒れ（予報外れ）,,24,,"推定値",Instagram
2023-10-04,13:33,カンパチ,90,10,1,活き魚（泳がせ）,泳がせ釣り,室戸沖,,荒れ（予報外れ）,,24,,"予報に反してラフな海。状況悪い中コンディション良いカンパチとマダイ。推定値",Instagram
2023-10-03,13:32,マグロ（キハダ）,80,8,1,活き魚（泳がせ）,ライト泳がせ釣り,室戸沖,,晴れ,,24,,"小さいマグロ。早速刺身に。推定値",Instagram
2023-10-01,13:13,カマスサワラ,140,15,2,活き魚（泳がせ）,泳がせ釣り,室戸沖,,,,24,,"推定値",Instagram
2023-10-01,13:13,カンパチ,100,12,2,活き魚（泳がせ）,泳がせ釣り,室戸沖,,,,24,,"画像テキストに「カンパチ2本 サワラ2本」と明記。推定値",Instagram
2023-12-18,13:12,ハガツオ,60,3,2,落とし込み,落とし込み釣り,室戸沖,,晴れ,,19,,"推定値",Instagram
2023-12-18,13:12,ブリ,70,5,1,落とし込み,落とし込み釣り,室戸沖,,晴れ,,19,,"活性高く大漁。ハガツオなども。推定値",Instagram
2023-09-28,13:02,カンパチ,120,19,1,活き魚（泳がせ）,泳がせ釣り,室戸沖,,,,26,,"20kg弱の良型と文章に明記。エサが少なく難しい状況",Instagram
2023-09-27,13:01,カマスサワラ,160,22,1,活き魚（泳がせ）,泳がせ釣り・大物釣り,室戸沖,,,,26,,"サワラ祭り。20kgオーバーと文章に明記。デカイのきました。推定値",Instagram
2023-07-28,12:55,カンパチ,174,45,1,活き魚（泳がせ）,泳がせ釣り,室戸沖,,,,25,,"174cm、45kgと文章に明記。強烈な引き。ファイト動画をYouTubeで公開予定",Instagram
2023-07-25,12:55,クロタチカマス,100,5,1,活き魚（泳がせ）,泳がせ釣り,室戸沖,,晴れ（暑い）,,25,,"クロタチがいる時は潮が良い。カンパチ不発。暑い中の集中力は流石。推定値",Instagram
2023-07-22,12:55,カンパチ,75,6,1,活き魚（泳がせ）,泳がせ釣り,室戸沖,,晴れ,,25,,"他にも良いアタリあったが残念。推定値",Instagram
2023-07-16,12:54,ウッカリカサゴ,30,0.4,3,ジグ,ジギング,室戸沖,,,,25,,"推定値",Instagram
2023-07-16,12:54,メジロ（ブリ）,65,4,2,ジグ,ジギング,室戸沖,,,,25,,"推定値",Instagram
2023-07-16,12:54,カケハシハタ,40,1,1,ジグ,ジギング,室戸沖,,,,25,,"推定値",Instagram
2023-07-16,12:54,マハタ,45,1.5,1,ジグ,ジギング,室戸沖,,,,25,,"推定値",Instagram
2023-07-04,12:53,クロタチカマス,80,3,1,活き魚（泳がせ）,泳がせ釣り,室戸沖,,晴れ,,25,,"推定値",Instagram
2023-07-04,12:53,マハタ,55,3,1,活き魚（泳がせ）,泳がせ釣り,室戸沖,,晴れ,,25,,"推定値",Instagram
2023-06-25,12:51,レンコダイ,25,0.3,8,ジグ,ジギング,室戸沖,潮動かず,,,22,,"推定値",Instagram
2023-06-25,12:51,カンパチ,105,15.5,1,ジグ,ジギング,室戸沖,潮動かず,,,22,,"15,5kgと文章に明記。潮が動かず苦労。落ち着いたファイトで良型ゲット",Instagram
2023-06-19,12:50,カンパチ,80,7,2,活き魚（泳がせ）,泳がせ釣り,室戸沖,,晴れ,,22,,"短い時合に3発。1匹バラシ（どっかいった）。メモリアルフィッシュ。推定値",Instagram
2023-06-16,12:48,ウッカリカサゴ,32,0.5,3,活き魚（泳がせ）,泳がせ釣り,室戸沖,,,,22,,"推定値",Instagram
2023-06-16,12:48,マハタ,50,2.5,1,活き魚（泳がせ）,泳がせ釣り,室戸沖,,,,22,,"良いサイズのマハタ。推定値",Instagram
2023-06-06,12:47,イサキ,38,2,1,,,,,,,,,"2kgと文章に明記。先日の釣果。食べる楽しみ",Instagram
2023-05-22,12:45,クエ,65,6,1,活き魚（泳がせ）,泳がせ釣り,室戸沖,,晴れ,,20,,"少ないチャンスをものにした。推定値",Instagram
2023-04-29,12:27,イシナギ,95,15,2,活き魚（泳がせ）,泳がせ釣り,室戸沖,,,,18,,"良型2本。リリース。ナイスファイト。推定値",Instagram
2023-04-24,12:26,メジロ（ブリ）,70,5,1,活き魚（泳がせ）,ライト泳がせ釣り,室戸沖近場,,爆風,,18,,"爆風のため代休の息子と近場でライト泳がせ。メジロと遊びました。午後から貝取り。推定値",Instagram
2023-04-20,12:25,イシナギ,100,18,2,活き魚（泳がせ）,泳がせ釣り,室戸沖,,,,18,,"イシナギ2本。良型。リリース。強烈な引き。推定値",Instagram
2023-04-14,12:23,イシナギ,100,18,3,活き魚（泳がせ）,泳がせ釣り,室戸沖,,,,18,,"良いサイズ3本出ました。一番大きい魚はリリース。推定値",Instagram
2023-11-21,13:95,カンパチ,90,10,2,活き魚（泳がせ）,泳がせ釣り,室戸沖,,晴れ,,21,,"カンパチ二本。推定値",Instagram
2023-10-17,13:52,カンパチ,130,26,1,活き魚（泳がせ）,泳がせ釣り,室戸沖,,晴れ,,24,,"130cm、26kgと文章に明記。大型カンパチ",Instagram
2023-09-30,13:11,チカメキントキ,30,0.4,1,ジグ,スーパーライトジギング（SLJ）,室戸沖,,,,26,,"推定値",Instagram
2023-09-30,13:11,オオモンハタ,35,0.7,1,ジグ,スーパーライトジギング（SLJ）,室戸沖,,,,26,,"推定値",Instagram
2023-09-30,13:11,サワラ,120,8,1,活き魚（泳がせ）,泳がせ釣り,室戸沖,,,,26,,"サワラまつり。SLJでオオモンハタ、チカメキントキなども。推定値",Instagram
2023-09-29,13:04,マダイ,30,0.5,2,ジグ,ジギング,室戸沖,,,,26,,"推定値",Instagram
2023-09-29,13:04,メジロ（ブリ）,65,4,2,ジグ,ジギング,室戸沖,,,,26,,"推定値",Instagram
2023-09-29,13:04,ウッカリカサゴ,35,0.6,3,ジグ,ジギング,室戸沖,,,,26,,"推定値",Instagram
2023-09-29,13:04,マハタ,45,1.5,2,ジグ,ジギング,室戸沖,,,,26,,"推定値。ウッカリカサゴ、メジロ、エビスダイ、マダイなども混じり。逃げたデカイやつにリベンジ予告",Instagram
2026-01-18,22:57,ブリ,75,5,1,活き魚（泳がせ）,ライト泳がせ釣り,高知室戸沖,,晴れ,,17,,"推定値",Instagram
2026-01-18,22:57,カンパチ,65,4,1,活き魚（泳がせ）,ライト泳がせ釣り,高知室戸沖,,晴れ,,17,,"推定値",Instagram
2026-01-18,22:57,マハタ,45,1.5,1,活き魚（泳がせ）,ライト泳がせ釣り,高知室戸沖,,晴れ,,17,,"強風でお休みのため息子とライト泳がせ。明日の凪予報あり。推定値",Instagram
2026-01-18,22:56,マハタ,35,0.7,2,活き魚（泳がせ）,ライト泳がせ釣り,高知室戸沖,,晴れ,,17,,"推定値",Instagram
2026-01-18,22:56,カンパチ（ネイリ）,40,0.8,4,活き魚（泳がせ）,ライト泳がせ釣り,高知室戸沖,,晴れ,,17,,"今日の釣果。推定値",Instagram
2026-01-24,22:59,オオモンハタ,30,0.5,3,活き魚（泳がせ）,泳がせ釣り,室戸港,,,,17,,"強風で出船できず港内で釣り。推定値",Instagram
2026-01-28,22:59,イシダイ,35,0.8,1,フカセ（コマセ）,フカセ釣り,柏島,,爆風,,16,,"推定値",Instagram
2026-01-28,22:59,グレ（メジナ）,40,1.2,2,フカセ（コマセ）,フカセ釣り,柏島,,爆風,,16,,"爆風で難しい釣り。イシダイも。推定値",Instagram
2026-01-31,22:56,クエ,130,30,1,活き魚（泳がせ）,泳がせ釣り,高知室戸沖,,,,17,,"130cm、30kgと文章に明記。メモリアルフィッシュ。落ち着いたファイトで余裕のキャッチ",Instagram
2026-02-05,22:57,ブリ,90,10,1,活き魚（泳がせ）,泳がせ釣り,高知室戸沖,,,,16,,"ブリ10kgと文章に明記",Instagram
2026-02-11,22:58,カンパチ,85,7,1,活き魚（泳がせ）,泳がせ釣り,高知室戸沖,,曇り,,16,,"スレ掛かり（引きがおかしいと思ったら案の定スレ）。外れなくてラッキー。推定値",Instagram
2026-02-15,22:58,マハタ,58,4,1,活き魚（泳がせ）,泳がせ釣り,高知室戸沖,,曇り,,16,,"難しい釣りでした。推定値",Instagram
2026-02-21,22:57,マダイ,30,0.5,8,ジグ,スーパーライトジギング（SLJ）,高知室戸沖,,,,16,,"クーラー満杯。レンコダイ系混じり。推定値",Instagram
2026-03-27,22:49,イシナギ,110,25,1,活き魚（泳がせ）,泳がせ釣り,高知室戸沖,潮複数で難しい,晴れ,,17,,"25kgと文章に明記。潮が複数で難しい釣り。本日投稿（7時間前）",Instagram
2026-01-06,23:11,ネイリ（カンパチ幼魚）,35,0.5,2,活き魚（泳がせ）,ライト泳がせ釣り,高知室戸沖,,晴れ,,17,,"推定値",Instagram
2026-01-06,23:11,ブリ,65,4,1,活き魚（泳がせ）,ライト泳がせ釣り,高知室戸沖,,晴れ,,17,,"推定値",Instagram
2026-01-06,23:11,アザハタ,35,0.6,1,活き魚（泳がせ）,ライト泳がせ釣り,高知室戸沖,,晴れ,,17,,"珍しい魚種。推定値",Instagram
2026-01-06,23:11,オオモンハタ,40,1,3,活き魚（泳がせ）,ライト泳がせ釣り,高知室戸沖,,晴れ,,17,,"珍しいアザハタも。推定値",Instagram
2026-01-09,23:01,ハガツオ,55,2,1,ジグ,ジギング,高知室戸沖,潮動かず,,,17,,"推定値",Instagram
2026-01-09,23:01,ウッカリカサゴ,35,0.6,4,ジグ,ジギング,高知室戸沖,潮動かず,,,17,,"終日潮が動かず厳しい一日。推定値",Instagram
2026-01-10,23:03,グレ（メジナ）,25,0.3,2,フカセ（コマセ）,フカセ釣り,室戸地磯,,晴れ,,17,,"グレは小ぶり。推定値",Instagram
2026-01-10,23:03,アオブダイ,60,4,1,フカセ（コマセ）,フカセ釣り（ハリス1.5号）,室戸地磯,,晴れ,,17,,"息子と地磯釣行。グレ狙いで大物アオブダイをゲット。すごい色と歯。推定値",Instagram
2026-01-26,22:56,ブリ,60,3,2,活き魚（泳がせ）,ライト泳がせ釣り,高知室戸沖,,,,17,,"推定値",Instagram
2026-01-26,22:56,カンパチ,45,1.5,5,活き魚（泳がせ）,ライト泳がせ釣り,高知室戸沖,,,,17,,"カンパチ・ブリ混じり。推定値",Instagram
2026-02-01,22:57,アオハタ,35,0.7,3,ジグ,スーパーライトジギング（SLJ）,高知室戸沖,,,,16,,"推定値",Instagram
2026-02-01,22:57,マダイ,30,0.4,3,ジグ,スーパーライトジギング（SLJ）,高知室戸沖,,,,16,,"風のためSLJ。ニューロッド試し釣り。クーラーに多数。推定値",Instagram
2026-02-17,22:56,マダイ,30,0.4,1,ジグ,スーパーライトジギング（SLJ）,高知室戸沖,,晴れ,,16,,"推定値",Instagram
2026-02-17,22:56,アオハタ,35,0.6,1,ジグ,スーパーライトジギング（SLJ）,高知室戸沖,,晴れ,,16,,"推定値",Instagram
2026-02-17,22:56,マハタ,55,3,1,ジグ,スーパーライトジギング（SLJ）,高知室戸沖,,晴れ,,16,,"良型マハタ。アオハタ、マダイなども。推定値",Instagram
2026-01-07,23:12,メダイ,35,0.8,1,活き魚（泳がせ）,泳がせ釣り,高知室戸沖,,晴れ,,17,,"推定値",Instagram
2026-01-07,23:12,マハタ,40,1.2,1,活き魚（泳がせ）,泳がせ釣り,高知室戸沖,,晴れ,,17,,"推定値",Instagram
2026-01-07,23:12,カンパチ,65,4,1,活き魚（泳がせ）,泳がせ釣り,高知室戸沖,,晴れ,,17,,"新年初カンパチ。エサがとれず難しい状況。推定値",Instagram
2026-01-12,23:05,アオハタ,35,0.6,1,ジグ,スーパーライトジギング（SLJ）,高知室戸沖,,,,17,,"大物ベイケンも。推定値",Instagram
2026-01-12,23:05,レンコダイ,30,0.4,3,ジグ,スーパーライトジギング（SLJ）,高知室戸沖,,,,17,,"お休み日にSLJ。推定値",Instagram
2026-01-17,22:59,カンパチ,80,6,1,活き魚（泳がせ）,泳がせ釣り,高知室戸沖,,晴れ,,17,,"久しぶりの凪。良型カンパチ。大物の気配あり。推定値",Instagram
2023-03-31,22:15,カンパチ,130,24,1,泳がせ釣り,泳がせ釣り,高知室戸沖,,晴れ,,17,,"文章に「130cm24kg」と明記。数値優先。息子に釣らせた。魚拓をとった。画像で子供がカンパチを抱える確認",Instagram
2023-03-30,22:14,イシナギ,85,20,3,泳がせ釣り,泳がせ釣り,高知室戸沖,,晴れ,,17,,"文章に20kg×3本記載",Instagram
2023-03-30,22:14,イシナギ,105,30,2,泳がせ釣り,泳がせ釣り,高知室戸沖,,晴れ,,17,,"文章に30kg×2本記載",Instagram
2023-03-30,22:14,イシナギ,130,60,1,泳がせ釣り,泳がせ釣り,高知室戸沖,,晴れ,,17,,"文章に「60kg、30kg×2本、20kg×3本」。60kgを1オブジェクト目として記録。デカいのもリリース",Instagram
2023-03-29,22:14,カマス,30,0.12,7,ルアー/サビキ,カマス釣り,高知室戸沖,,,,17,,"文章に「朝カマス。まあまあ釣れた」。画像でカマス7匹確認。昼食は何年かぶりの幸園。推定値",Instagram
2023-03-28,22:14,アオハタ,40,1,1,ジグ,SLJ＆ジギング,高知室戸沖,,晴れ,,17,,"文章記載。推定値",Instagram
2023-03-28,22:14,ブリ,85,7,1,ジグ,SLJ＆ジギング,高知室戸沖,,晴れ,,17,,"文章に「SLJでブリ、アオハタなど」。画像でブリ（子供が抱える大型魚）確認。推定値",Instagram
2023-03-27,22:13,カンパチ,95,14,1,泳がせ釣り,泳がせ釣り,高知室戸沖,,,,17,,"文章にカンパチ14kg記載",Instagram
2023-03-27,22:13,イシナギ,105,28,1,泳がせ釣り,泳がせ釣り,高知室戸沖,,,,17,,"文章に28kg記載。2本目",Instagram
2023-03-27,22:13,イシナギ,115,35,1,泳がせ釣り,泳がせ釣り,高知室戸沖,,,,17,,"文章に「イシナギ35kgと28kg、カンパチ14kg」。35kgを1オブジェクト目として記録。ラフ。リリースあり",Instagram
2023-03-25,22:13,カマス,30,0.12,20,ルアー/サビキ,カマス釣り,高知室戸沖,干潮,,,17,,"文章に「早朝カマス。午後は潮が引いていたので磯で貝取り」。画像でカマス20匹前後確認。推定値",Instagram
2023-03-20,22:12,ブリ,80,6,1,泳がせ釣り,泳がせ釣り,高知室戸沖,,,,17,,"文章に「ブリでした」と記載。推定値",Instagram
2023-03-20,22:12,カンパチ,110,13,1,泳がせ釣り,泳がせ釣り,高知室戸沖,,,,17,,"文章に「カンパチ110センチ13kg」と明記。数値優先。画像でカンパチ2匹（大小）確認",Instagram
2023-03-19,22:12,アヤメカサゴ,25,0.3,2,ジグ,ジギング,高知室戸沖,,,,17,,"ハッシュタグ記載。推定値",Instagram
2023-03-19,22:12,ウッカリカサゴ,30,0.5,4,ジグ,ジギング,高知室戸沖,,,,17,,"文章・ハッシュタグ記載。画像内赤い魚多数確認。推定値",Instagram
2023-03-19,22:12,ハガツオ,55,2,1,ジグ,ジギング,高知室戸沖,,,,17,,"文章にハガツオ・ウッカリカサゴ記載。潮色・動き悪い。画像でハガツオ・ウッカリカサゴ・アヤメカサゴ確認。推定値",Instagram
2023-03-16,22:12,カマス,32,0.15,18,ルアー/サビキ,カマス釣り,高知室戸沖,,,,17,,"文章に「久しぶりにカマス釣り。1時間でまあまあ釣れた。フライにした」。画像でカマス18匹前後確認。推定値",Instagram
2023-03-14,22:11,イシナギ,105,32,1,泳がせ釣り,泳がせ釣り,高知室戸沖,,晴れ,,17,,"文章に「32kg他3本」と記載。32kgを代表値として採用。リリースあり。YouTube公開予告。画像でイシナギ確認",Instagram
2023-03-12,22:11,チカメキントキ,28,0.4,3,タイラバ/ジグ,SLJ＆タイラバ,高知室戸沖,,,,17,,"文章記載。画像内赤い魚確認。推定値",Instagram
2023-03-12,22:11,マダイ,35,0.6,2,タイラバ/ジグ,SLJ＆タイラバ,高知室戸沖,,,,17,,"文章記載。推定値",Instagram
2023-03-12,22:11,サワラ,80,4,1,タイラバ/ジグ,SLJ＆タイラバ,高知室戸沖,,,,17,,"文章にサワラ・マダイ・チカメキントキ記載。画像でクーラーにサワラ系・マダイ・チカメキントキ確認。推定値",Instagram
2023-03-11,22:10,マハタ,55,3.5,1,泳がせ釣り,泳がせ釣り,高知室戸沖,,晴れ,,17,,"文章に「イシナギ不発、代わりに美味しいマハタ」。画像でマハタ確認。推定値",Instagram
2023-03-09,22:10,ウッカリカサゴ,28,0.4,3,泳がせ釣り,泳がせ釣り＆ジギング,高知室戸沖,,,,17,,"画像内赤いカサゴ系複数確認。推定値",Instagram
2023-03-09,22:10,カンパチ,80,6,2,泳がせ釣り,泳がせ釣り＆ジギング,高知室戸沖,,,,17,,"文章にカンパチ記載。渋い状況でカンパチを引きずり出した。画像でカンパチ2匹と赤いカサゴ系確認。推定値",Instagram
2023-03-08,22:10,イシナギ,100,25,1,泳がせ釣り,泳がせ釣り,高知室戸沖,,晴れ,,17,,"文章に「初イシナギ」おめでとう。モクレンが咲く季節の登場と記載。推定値",Instagram
2023-03-05,22:09,アヤメカサゴ,25,0.3,2,ジグ,ジギング,高知室戸沖,,晴れ,,17,,"文章記載。推定値",Instagram
2023-03-05,22:09,イズカサゴ,35,0.7,2,ジグ,ジギング,高知室戸沖,,晴れ,,17,,"文章記載。推定値",Instagram
2023-03-05,22:09,ウッカリカサゴ,30,0.5,3,ジグ,ジギング,高知室戸沖,,晴れ,,17,,"文章記載。推定値",Instagram
2023-03-05,22:09,マハタ,45,2,2,ジグ,ジギング,高知室戸沖,,晴れ,,17,,"文章にマハタ・ウッカリカサゴ・イズカサゴ・アヤメカサゴ記載。画像で4人が赤いカサゴ系を持つ。推定値",Instagram
2023-03-04,22:07,ホウボウ,35,0.5,1,タイラバ,タイラバ＆SLJ,高知室戸沖,,,,17,,"ハッシュタグ記載。推定値",Instagram
2023-03-04,22:07,イトヨリ,30,0.3,2,タイラバ,タイラバ＆SLJ,高知室戸沖,,,,17,,"ハッシュタグ記載。推定値",Instagram
2023-03-04,22:07,レンコダイ,28,0.3,4,タイラバ,タイラバ＆SLJ,高知室戸沖,,,,17,,"ハッシュタグ記載。推定値",Instagram
2023-03-04,22:07,マダイ,45,1.5,4,タイラバ,タイラバ＆SLJ,高知室戸沖,,,,17,,"文章にマダイ・レンコダイ・イトヨリ・ホウボウ記載。乗っ込みタイ開始。画像でクーラーに多魚種確認。推定値",Instagram
2023-03-01,22:07,グレ（メジナ）,38,0.7,10,フカセ釣り,磯釣り（フカセ）,高知 柏島,,,,16,,"文章に「柏島へグレ釣り、大堂で食いの渋いヤツを狙った」。黒潮渡船利用。画像で黒いグレ10匹確認。推定値",Instagram
2023-02-27,22:07,メジロ（ブリ系）,70,4,1,泳がせ釣り,泳がせ釣り＆ジギング,高知室戸沖,,,,16,,"文章記載。推定値",Instagram
2023-02-27,22:07,ハガツオ,55,2,1,泳がせ釣り,泳がせ釣り＆ジギング,高知室戸沖,,,,16,,"文章記載。ハガツオの刺身が旨いとのコメントあり。推定値",Instagram
2023-02-27,22:07,マハタ,45,2,1,泳がせ釣り,泳がせ釣り＆ジギング,高知室戸沖,,,,16,,"文章記載。推定値",Instagram
2023-02-27,22:07,カンパチ,80,6,1,泳がせ釣り,泳がせ釣り＆ジギング,高知室戸沖,,,,16,,"文章にカンパチ・マハタ・ハガツオ・メジロ記載。画像でカンパチ・ハガツオ系・メジロ確認。推定値",Instagram
2023-01-26,21:38,ネイリ（カンパチ幼魚）,50,1.5,1,泳がせ釣り,ライト泳がせ釣り,高知室戸沖,,晴れ,,17,,"文章にネイリ記載。推定値",Instagram
2023-01-26,21:38,ブリ,85,7,1,泳がせ釣り,ライト泳がせ釣り,高知室戸沖,,晴れ,,17,,"文章に「ブリ、ネイリをゲット」。水温低く渋い釣り。画像でブリ（ネイリ）確認。推定値",Instagram
2023-01-25,21:38,カマス,30,0.15,40,ルアー/サビキ,カマス釣り,高知室戸沖,,寒い,,17,,"文章に「結構釣れた、干物中」。画像にカマス多数（40匹以上）確認。干物にするため持ち帰り。推定値",Instagram
2023-01-22,21:38,ウッカリカサゴ,28,0.4,2,ジグ/泳がせ,ジギング＆ライト泳がせ釣り,高知室戸沖,,,,17,,"画像内赤いカサゴ系確認。推定値",Instagram
2023-01-22,21:38,マハタ,45,2,3,ジグ/泳がせ,ジギング＆ライト泳がせ釣り,高知室戸沖,,,,17,,"文章にマハタ記載。推定値",Instagram
2023-01-22,21:38,スズキ（ヒラスズキ系）,65,3,1,ジグ/泳がせ,ジギング＆ライト泳がせ釣り,高知室戸沖,,,,17,,"文章にマハタ他。画像で細長い白銀の魚（スズキ系）・マハタ系・カサゴ系確認。推定値",Instagram
2023-01-20,21:37,アカヤガラ,120,1.5,1,泳がせ釣り,泳がせ釣り,高知室戸沖,,曇り,,17,,"文章に「巨大アカヤガラ、サメ」。大物からのコンタクトなし。画像でアカヤガラの長い体確認。推定値",Instagram
2023-01-12,21:37,ハチビキ,35,0.5,8,ジグ,ジギング,高知室戸沖,,晴れ,,17,,"文章記載。画像内赤い小魚多数確認。推定値",Instagram
2023-01-12,21:37,クロタチカマス,80,1.5,3,ジグ,ジギング,高知室戸沖,,晴れ,,17,,"文章にクロタチ記載。推定値",Instagram
2023-01-12,21:37,スマ,50,1.5,2,ジグ,ジギング,高知室戸沖,,晴れ,,17,,"文章記載。推定値",Instagram
2023-01-12,21:37,アカヤガラ,100,1,2,ジグ,ジギング,高知室戸沖,,晴れ,,17,,"文章に「巨大アカヤガラにもビックリ」。画像上部に長い魚確認。推定値",Instagram
2023-01-12,21:37,カンパチ,75,5,2,ジグ,ジギング,高知室戸沖,,晴れ,,17,,"文章にカンパチ・アカヤガラ・スマ・クロタチ・ハチビキ記載。食い渋るカンパチに口を使わせるテクニック。推定値",Instagram
2023-01-08,21:37,カンパチ,45,1.5,1,ジグ,スーパーライトジギング（SLJ）,高知室戸沖,,,,17,,"ハッシュタグ記載。推定値",Instagram
2023-01-08,21:37,オオモンハタ,38,0.8,1,ジグ,スーパーライトジギング（SLJ）,高知室戸沖,,,,17,,"ハッシュタグ記載。画像内茶色い大型魚確認。推定値",Instagram
2023-01-08,21:37,マダイ,30,0.4,2,ジグ,スーパーライトジギング（SLJ）,高知室戸沖,,,,17,,"ハッシュタグ記載。推定値",Instagram
2023-01-08,21:37,シロアマダイ,35,0.6,1,ジグ,スーパーライトジギング（SLJ）,高知室戸沖,,,,17,,"ハッシュタグにシロアマダイ・マダイ・タマガシラ・アヤメカサゴ・オオモンハタ・カンパチ・カイワリ・カガミダイ記載。息子とのSLJ。多魚種確認。推定値",Instagram
2023-01-06,21:33,マハタ,68,10,1,泳がせ釣り,泳がせ釣り,高知室戸沖,,晴れ,,17,,"文章に「10kgくらいのマハタ」と記載。重量優先。投稿日2023年1月6日",Instagram
2023-01-05,21:34,カマス,35,0.2,5,泳がせ釣り,泳がせ釣り,高知室戸沖,,,,17,,"文章に「今日はカマスも良く釣れた」記載。推定値",Instagram
2023-01-05,21:34,イトヨリ,30,0.3,3,泳がせ釣り,泳がせ釣り,高知室戸沖,,,,17,,"文章記載。推定値",Instagram
2023-01-05,21:34,アマダイ,35,0.5,3,泳がせ釣り,泳がせ釣り,高知室戸沖,,,,17,,"文章記載。推定値",Instagram
2023-01-05,21:34,レンコダイ,30,0.3,6,泳がせ釣り,泳がせ釣り,高知室戸沖,,,,17,,"文章にレンコダイ・アマダイ・イトヨリ・カマスの記載。干物を完成させた投稿。画像内多魚種混在確認。推定値",Instagram
2023-01-01,21:34,マダイ,30,0.4,2,ルアー,ルアー釣り（小物）,高知室戸沖,,,,17,,"画像内赤い小型のタイ確認。推定値",Instagram
2023-01-01,21:34,イトヨリ,30,0.3,2,ルアー,ルアー釣り（小物）,高知室戸沖,,,,17,,"ハッシュタグ等から推定。画像内縞模様の魚。推定値",Instagram
2023-01-01,21:34,シロアマダイ,35,0.6,1,ルアー,ルアー釣り（小物）,高知室戸沖,,,,17,,"文章に「釣り初め、ルアーで小物釣り」。2023年元旦。画像内に白っぽい長い魚確認。多魚種混在。推定値",Instagram
2022-12-31,21:33,チカメキントキ,30,0.5,3,泳がせ釣り,ライト泳がせ釣り,高知室戸沖,,,,19,,"文章記載。画像内赤い魚複数確認。推定値",Instagram
2022-12-31,21:33,カケハシハタ,45,1.5,1,泳がせ釣り,ライト泳がせ釣り,高知室戸沖,,,,19,,"文章記載。推定値",Instagram
2022-12-31,21:33,マハタ,55,3.5,1,泳がせ釣り,ライト泳がせ釣り,高知室戸沖,,,,19,,"文章に「マハタ、カケハシハタ、チカメキントキ」。2022年釣り納め。投稿日2022年12月31日。推定値",Instagram
2022-12-30,20:50,クエ,65,10,1,泳がせ釣り,泳がせ釣り,高知室戸沖,,晴れ,,19,,"画像にクエ10kgと手書きテキストあり。文章に「高級魚クエで釣り納め」。投稿日2022年12月30日。10kgを採用",Instagram
2022-12-28,20:50,オオニベ,80,5,1,ジグ/泳がせ,ジギング＆ライト泳がせ釣り,高知室戸沖,,,,19,,"ハッシュタグ記載。推定値",Instagram
2022-12-28,20:50,ウッカリカサゴ,28,0.4,2,ジグ/泳がせ,ジギング＆ライト泳がせ釣り,高知室戸沖,,,,19,,"ハッシュタグ記載。推定値",Instagram
2022-12-28,20:50,メジロ（ブリ系）,70,4,2,ジグ/泳がせ,ジギング＆ライト泳がせ釣り,高知室戸沖,,,,19,,"ハッシュタグ記載。画像内細長い青銀の魚複数。推定値",Instagram
2022-12-28,20:50,エビスダイ,30,0.5,1,ジグ/泳がせ,ジギング＆ライト泳がせ釣り,高知室戸沖,,,,19,,"ハッシュタグ記載。画像内赤い魚。推定値",Instagram
2022-12-28,20:50,マハタモドキ,50,2.5,1,ジグ/泳がせ,ジギング＆ライト泳がせ釣り,高知室戸沖,,,,19,,"ハッシュタグにマハタモドキ・エビスダイ・メジロ・ウッカリカサゴ・オオニベ記載。投稿日2022年12月28日。推定値",Instagram
2022-12-16,20:49,マハタ,60,4,2,泳がせ釣り,泳がせ釣り,高知室戸沖,,,,19,,"文章に「良型のマハタ二匹ゲット」と記載。投稿日2022年12月16日。画像でマハタ2匹確認。推定値",Instagram
2023-02-26,22:06,マハタ,55,4,5,ジグ/泳がせ,ジギング＆ライト泳がせ釣り,高知室戸沖,,,,16,,"文章に「みなさん良型のマハタGet」。画像にマハタ多数（5匹前後）確認。渋い中の釣果。推定値",Instagram
2023-02-22,22:06,カンパチ,85,7,2,泳がせ釣り,泳がせ釣り,高知室戸沖,潮変わり,,,16,,"文章に「潮変わりの時合に良いサイズのカンパチ」記載。画像にカンパチ2匹と小魚確認。推定値",Instagram
2023-02-17,21:40,ウッカリカサゴ,30,0.5,2,ジグ,ジギング,高知室戸沖,,晴れ,,16,,"文章記載。潮動かず猛者たちも苦戦。推定値",Instagram
2023-02-17,21:40,ハガツオ,55,2,1,ジグ,ジギング,高知室戸沖,,晴れ,,16,,"文章記載。推定値",Instagram
2023-02-17,21:40,ヒレナガカンパチ,75,5,1,ジグ,ジギング,高知室戸沖,,晴れ,,16,,"文章にヒレナガカンパチ記載。推定値",Instagram
2023-02-17,21:40,ブリ,95,11,1,ジグ,ジギング,高知室戸沖,,晴れ,,16,,"文章に「デカブリ11kg」と記載。重量優先。画像上の大きなブリ確認",Instagram
2023-02-16,21:40,エビスダイ,25,0.4,1,泳がせ釣り,ライト泳がせ釣り,高知室戸沖,,晴れ,,16,,"文章記載。推定値",Instagram
2023-02-16,21:40,ウッカリカサゴ,30,0.5,1,泳がせ釣り,ライト泳がせ釣り,高知室戸沖,,晴れ,,16,,"文章記載。画像下部赤系の魚。推定値",Instagram
2023-02-16,21:40,マハタ,45,2,1,泳がせ釣り,ライト泳がせ釣り,高知室戸沖,,晴れ,,16,,"文章記載。画像下部茶色系の魚。推定値",Instagram
2023-02-16,21:40,カンパチ,80,6,2,泳がせ釣り,泳がせ釣り,高知室戸沖,,晴れ,,16,,"文章にカンパチ・マハタ・ウッカリカサゴ・エビスダイ記載。画像上部にカンパチ2匹確認。推定値",Instagram
2023-02-12,21:40,ブリ,90,9,1,泳がせ釣り,泳がせ釣り,高知室戸沖,,晴れ,,16,,"文章に「デカブリ一本」と記載。前半潮動かず苦戦。推定値",Instagram
2023-02-08,21:39,ヒラメ,45,1.2,1,ジグ,スーパーライトジギング（SLJ）,高知室戸沖,,,,16,,"文章に「SLJで釣ったヒラメ」と記載。4日寝かせて刺身にした投稿。画像でヒラメ確認。推定値",Instagram
2023-01-31,21:39,マハタ,55,3,1,泳がせ釣り,泳がせ釣り,高知室戸沖,,,,17,,"文章にマハタ記載。画像下の魚。推定値",Instagram
2023-01-31,21:39,ブリ,85,7,1,泳がせ釣り,泳がせ釣り,高知室戸沖,,,,17,,"文章にマハタとブリの記載。画像でブリ（上）とマハタ（下）の2魚種確認。アタリ少なく厳しい釣り。推定値",Instagram
2026-02-25,22:24,イサキ,30,0.4,10,フカセ釣り,フカセ釣り,高知 柏島,,,,15,,"文章にイサキ10匹と記載。重量サイズ推定値",Instagram
2026-02-25,22:24,グレ（メジナ）,40,0.8,20,フカセ釣り,フカセ釣り,高知 柏島,,,,15,,"文章にグレ20匹と記載。4週間前→2026-02-25。重量サイズ推定値",Instagram
2026-03-04,22:23,アカハタ系,35,0.5,2,ジグ,スーパーライトジギング（SLJ）,高知室戸沖,,,,17,,"クーラー内に茶系ハタ類2匹確認。重量サイズ推定値",Instagram
2026-03-04,22:23,マダイ,35,0.6,1,ジグ,スーパーライトジギング（SLJ）,高知室戸沖,,,,17,,"クーラー内に小さめ赤い魚確認。重量サイズ推定値",Instagram
2026-03-04,22:23,カンパチ（ヒレナガカンパチ系）,55,2,1,ジグ,スーパーライトジギング（SLJ）,高知室戸沖,,,,17,,"クーラーに入った魚。文章に「おかずゲット」。ハッシュタグにSLJ。3週間前→2026-03-04。重量サイズ推定値",Instagram
2026-03-04,22:23,マダイ,72,3.5,10,フカセ釣り,フカセ釣り,高知 安満地,,風あり,,16,,"文章に72cm頭とまあまあ釣れたと記載。お休みで安満地へ。3週間前→2026-03-04。重量推定値。乗っ込み開始",Instagram
2026-03-11,22:22,ウマズラハギ,35,0.4,3,フカセ釣り,フカセ釣り,高知室戸沖,,,,17,,"文章記載。サイズ・重量推定値。画像でも確認できる暗色の魚",Instagram
2026-03-11,22:22,イサキ,47,1,11,フカセ釣り,フカセ釣り,高知室戸沖,,,,17,,"文章にイサキ47cm頭に11匹と記載。重量推定値",Instagram
2026-03-11,22:22,マダイ,80,4.5,1,フカセ釣り,フカセ釣り,高知室戸沖,,,,17,,"文章にタイ80オーバーと記載。県外遠征。投稿日3月6日。2週間前→2026-03-11。重量推定値",Instagram
2026-03-11,22:22,クロタチカマス,80,1.5,1,ジグ,ジギング,高知室戸沖,,,,17,,"文章にクロタチと記載。重量サイズ推定値",Instagram
2026-03-11,22:22,サバ,45,0.8,2,ジグ,ジギング,高知室戸沖,,,,17,,"文章に大サバと記載。重量サイズ推定値",Instagram
2026-03-11,22:22,チカメキントキ,35,0.6,2,ジグ,ジギング,高知室戸沖,,,,17,,"文章記載。クーラーボックス内に赤い魚が複数見える。重量サイズ推定値",Instagram
2026-03-11,22:22,ブリ,75,5,1,ジグ,ジギング,高知室戸沖,,,,17,,"文章にブリ・チカメキントキ・大サバ・クロタチ。ウネリ強く難しい釣りと記載。投稿日3月8日。2週間前→2026-03-11。重量サイズ推定値",Instagram
2026-03-11,22:21,イシナギ,90,25,2,泳がせ釣り,泳がせ釣り,高知室戸沖,,晴れ,,17,,"画像8と同一投稿の別スライド。イシナギを立てて持っている写真。重量サイズ推定値。2週間前→2026-03-11",Instagram
2026-03-17,19:28,オオモンハタ,40,1,1,フカセ釣り,フカセ釣り,高知室戸沖,,,,17,,"文章記載。サイズ・重量推定値。1週間前→2026-03-18",Instagram
2026-03-17,19:28,ヒョウダイ,30,0.5,5,フカセ釣り,フカセ釣り,高知室戸沖,,,,17,,"文章記載。サイズ・重量推定値。1週間前→2026-03-18",Instagram
2026-03-17,19:28,マダイ,45,1.5,4,フカセ釣り,フカセ釣り,高知室戸沖,,,,17,,"文章にマダイ・ヒョウダイ・オオモンハタ。県外遠征。投稿日3月12日。1週間前→2026-03-18だが投稿日3/12表示のため撮影日ベース。サイズ・重量推定値",Instagram
2026-03-17,19:06,イシナギ,105,35,1,泳がせ釣り,泳がせ釣り,高知室戸沖,,晴れ,,17,,"文章に35kg頭とボチボチ釣れたと記載。リリースあり。投稿日3月17日と一致。1週間前→2026-03-17（ファイル名撮影日2026-03-25から7日前）",Instagram
2026-03-18,19:23,ヒラスズキ,55,1.5,1,フカセ釣り,フカセ釣り,高知 安満地,,,,16,,"文章に「珍しいヒラスズキ」と記載。サイズ・重量推定値。7日前→2026-03-18",Instagram
2026-03-18,19:23,イサキ,30,0.4,1,フカセ釣り,フカセ釣り,高知 安満地,,,,16,,"文章記載。サイズ・重量推定値。7日前→2026-03-18",Instagram
2026-03-18,19:23,ヒョウダイ,35,0.6,1,フカセ釣り,フカセ釣り,高知 安満地,,,,16,,"文章記載。サイズ・重量推定値。7日前→2026-03-18",Instagram
2026-03-18,19:23,マダイ,70,3.5,3,フカセ釣り,フカセ釣り,高知 安満地,,,,16,,"文章に70オーバーのマダイ3匹。7日前→2026-03-18。重量推定値",Instagram
2026-03-20,19:21,イシナギ,105,40,1,泳がせ釣り,泳がせ釣り,高知室戸沖,,晴れ,,17,,"文章に40kgオーバー含むとの記載。お祭り騒ぎ。5日前→2026-03-20。40kg個体を代表オブジェクトとして記録",Instagram
2026-03-21,19:11,イシナギ,95,30,2,泳がせ釣り,泳がせ釣り,高知室戸沖,,晴れ,,17,,"文章に30kgオーバー2本の記載。4日前→2026-03-21。重量推定値（30kg以上）",Instagram
2026-03-22,19:04,イシナギ,80,20,1,泳がせ釣り,泳がせ釣り,高知室戸沖,,曇り,,17,,"文章に20kg記載。3日前→2026-03-22",Instagram
2026-03-22,19:04,イシナギ,90,30,1,泳がせ釣り,泳がせ釣り,高知室戸沖,,曇り,,17,,"文章に30kg記載。3日前→2026-03-22",Instagram
2026-03-22,19:04,イシナギ,100,35,1,泳がせ釣り,泳がせ釣り,高知室戸沖,,曇り,,17,,"文章に35kg記載。3日前→2026-03-22",Instagram
2026-03-24,18:59,カンパチ,70,5,1,泳がせ釣り,泳がせ釣り,高知室戸沖,,晴れ,,17,,"文章記載。重量・サイズは推定値。1日前→2026-03-24",Instagram
2026-03-24,18:59,マハタ,60,4,1,泳がせ釣り,泳がせ釣り,高知室戸沖,,晴れ,,17,,"文章記載。重量・サイズは推定値。1日前→2026-03-24",Instagram
2026-03-24,18:59,イシナギ,120,50,1,泳がせ釣り,泳がせ釣り,高知室戸沖,,晴れ,,17,,"文章に50kgの記載あり優先。マハタ・カンパチも釣れたと記載（別オブジェクト参照）。1日前→2026-03-24",Instagram